{
  "Search Performance Testing" : {
    "transaction" : "Search Performance Testing",
    "sampleCount" : 20,
    "errorCount" : 0,
    "errorPct" : 0.0,
    "meanResTime" : 1131.65,
    "medianResTime" : 1143.0,
    "minResTime" : 886.0,
    "maxResTime" : 1168.0,
    "pct1ResTime" : 1163.6,
    "pct2ResTime" : 1167.8,
    "pct3ResTime" : 1168.0,
    "throughput" : 17.079419299743808,
    "receivedKBytesPerSec" : 277.5739218616567,
    "sentKBytesPerSec" : 26.85338385994876
  },
  "Search Performance Testing-0" : {
    "transaction" : "Search Performance Testing-0",
    "sampleCount" : 20,
    "errorCount" : 0,
    "errorPct" : 0.0,
    "meanResTime" : 742.2000000000002,
    "medianResTime" : 753.0,
    "minResTime" : 524.0,
    "maxResTime" : 761.0,
    "pct1ResTime" : 760.9,
    "pct2ResTime" : 761.0,
    "pct3ResTime" : 761.0,
    "throughput" : 26.246719160104988,
    "receivedKBytesPerSec" : 40.83107775590551,
    "sentKBytesPerSec" : 13.943569553805775
  },
  "Search Performance Testing-1" : {
    "transaction" : "Search Performance Testing-1",
    "sampleCount" : 20,
    "errorCount" : 0,
    "errorPct" : 0.0,
    "meanResTime" : 315.1,
    "medianResTime" : 315.5,
    "minResTime" : 291.0,
    "maxResTime" : 330.0,
    "pct1ResTime" : 330.0,
    "pct2ResTime" : 330.0,
    "pct3ResTime" : 330.0,
    "throughput" : 35.46099290780142,
    "receivedKBytesPerSec" : 54.43816489361703,
    "sentKBytesPerSec" : 19.046431737588655
  },
  "Search Performance Testing-2" : {
    "transaction" : "Search Performance Testing-2",
    "sampleCount" : 20,
    "errorCount" : 0,
    "errorPct" : 0.0,
    "meanResTime" : 73.69999999999999,
    "medianResTime" : 72.0,
    "minResTime" : 67.0,
    "maxResTime" : 92.0,
    "pct1ResTime" : 89.60000000000002,
    "pct2ResTime" : 91.95,
    "pct3ResTime" : 92.0,
    "throughput" : 56.657223796033996,
    "receivedKBytesPerSec" : 745.6732471671388,
    "sentKBytesPerSec" : 28.549929178470258
  },
  "Total" : {
    "transaction" : "Total",
    "sampleCount" : 100,
    "errorCount" : 0,
    "errorPct" : 0.0,
    "meanResTime" : 604.0299999999995,
    "medianResTime" : 722.0,
    "minResTime" : 67.0,
    "maxResTime" : 1168.0,
    "pct1ResTime" : 1143.0,
    "pct2ResTime" : 1152.85,
    "pct3ResTime" : 1167.96,
    "throughput" : 44.30660168365087,
    "receivedKBytesPerSec" : 492.16673128046074,
    "sentKBytesPerSec" : 31.767487261852015
  },
  "Launch Wikipedia" : {
    "transaction" : "Launch Wikipedia",
    "sampleCount" : 20,
    "errorCount" : 0,
    "errorPct" : 0.0,
    "meanResTime" : 757.5,
    "medianResTime" : 778.0,
    "minResTime" : 319.0,
    "maxResTime" : 1083.0,
    "pct1ResTime" : 1082.3,
    "pct2ResTime" : 1083.0,
    "pct3ResTime" : 1083.0,
    "throughput" : 18.231540565177756,
    "receivedKBytesPerSec" : 420.00199407474935,
    "sentKBytesPerSec" : 8.029711713764813
  }
}